Run,Efficiency_Gap,Party 0_Wasted_Ratio,Party 1_Wasted_Ratio,Party 2_Wasted_Ratio
1,0.044171,0.2976,0.138,0.2724
2,0.038553,0.29,0.1432,0.2724
3,0.048529,0.2848,0.1232,0.2724
4,0.040489,0.2976,0.1444,0.2724
5,0.043089,0.2808,0.13,0.2724
6,0.049873,0.3048,0.1332,0.2724
7,0.041335,0.2968,0.1424,0.2724
8,0.040776,0.2984,0.1444,0.2724
9,0.039584,0.2884,0.1404,0.2724
10,0.040496,0.2784,0.1332,0.2724
